Thumbnail	File Name	File Size	MIME Type	Last Modified	File Path
<img src='../images/thumbs/22bce1de390db4d8647a926031e5be39c1ddaec6.png'>	56241.p1.300gray.tif	6.83 MB	image/tiff	Wed Feb 26 17:31:32 2014	/Volumes/DroboFW/cinefiles-backed-up/140227Michael/untitled folder/56241.p1.300gray.tif
<img src='../images/thumbs/9930cc0c5154638a2b9731f667c02bd0568c29d8.png'>	56264.p1.300gray.tif	3.57 MB	image/tiff	Fri Apr 25 15:28:51 2014	/Volumes/DroboFW/cinefiles-backed-up/140227Michael/untitled folder/56264.p1.300gray.tif
<img src='../images/thumbs/8faff24671bf93d41d7e823019cd4d3baaac0a56.png'>	56264.p2.300gray.tif	3.77 MB	image/tiff	Fri Apr 25 15:28:43 2014	/Volumes/DroboFW/cinefiles-backed-up/140227Michael/untitled folder/56264.p2.300gray.tif
<img src='../images/thumbs/1190fe76e95df1d71677d19b840a1ac8a32705c8.png'>	56264.p3.300gray.tif	6.95 MB	image/tiff	Fri Apr 25 15:28:33 2014	/Volumes/DroboFW/cinefiles-backed-up/140227Michael/untitled folder/56264.p3.300gray.tif
<img src='../images/thumbs/93f5545885e45893581b4c11c1f03fbc21c8f5f4.png'>	56264.p4.300gray.tif	3.86 MB	image/tiff	Fri Apr 25 15:28:23 2014	/Volumes/DroboFW/cinefiles-backed-up/140227Michael/untitled folder/56264.p4.300gray.tif
<img src='../images/thumbs/535bc2b26efbd2b6525ff93abd2b2b5380c3f36d.png'>	56278.p1.300gray.tif	3.7 MB	image/tiff	Fri Apr 25 15:21:59 2014	/Volumes/DroboFW/cinefiles-backed-up/140227Michael/untitled folder/56278.p1.300gray.tif
<img src='../images/thumbs/237f99dfa8c7510fcfe1daf3bda34077810618c0.png'>	56278.p2.300gray.tif	3.59 MB	image/tiff	Fri Apr 25 15:21:50 2014	/Volumes/DroboFW/cinefiles-backed-up/140227Michael/untitled folder/56278.p2.300gray.tif
<img src='../images/thumbs/6475e6ec9b3ac61c9e1d42ade4978ac8ce0e0d6a.png'>	56358.p2.300gray.tif	209.96 KB	image/tiff	Fri Apr 25 15:24:58 2014	/Volumes/DroboFW/cinefiles-backed-up/140227Michael/untitled folder/56358.p2.300gray.tif
<img src='../images/thumbs/257353a0458cb44d482b3f42f0d39640f37965c2.png'>	56278.p3.300gray.tif	3.66 MB	image/tiff	Fri Apr 25 15:21:38 2014	/Volumes/DroboFW/cinefiles-backed-up/140227Michael/untitled folder 2/56278.p3.300gray.tif
<img src='../images/thumbs/1f4467b8326e8cfe96996489d68b712be9b17ec0.png'>	56282.p1.300gray.tif	5.12 MB	image/tiff	Fri Apr 25 15:26:48 2014	/Volumes/DroboFW/cinefiles-backed-up/140227Michael/untitled folder 2/56282.p1.300gray.tif
<img src='../images/thumbs/aa6b14357051c909f7d6cb8adf8e84ccebb097f6.png'>	56282.p2.300gray.tif	4.46 MB	image/tiff	Fri Apr 25 15:26:38 2014	/Volumes/DroboFW/cinefiles-backed-up/140227Michael/untitled folder 2/56282.p2.300gray.tif
<img src='../images/thumbs/746a174b71fb49d43bc3c0cb0a2454430fa950d1.png'>	56358.p1.300gray.tif	888.24 KB	image/tiff	Fri Apr 25 15:25:05 2014	/Volumes/DroboFW/cinefiles-backed-up/140227Michael/untitled folder 2/56358.p1.300gray.tif
